{
  "metadata": {
    "dataVersion": "1.0",
    "computedAt": "2024-01-15T00:00:00Z",
    "yearsRange": "1994-2023",
    "totalYears": 30
  },
  "datasets": [
    {
      "name": "GPM IMERG",
      "version": "V07B",
      "source": "NASA GES DISC",
      "temporalResolution": "30-min",
      "spatialResolution": "0.1° × 0.1°",
      "coverage": "1998-present"
    },
    {
      "name": "MERRA-2",
      "version": "5.12.4",
      "source": "NASA GMAO",
      "temporalResolution": "1-hourly",
      "spatialResolution": "0.5° × 0.625°",
      "coverage": "1980-present"
    },
    {
      "name": "GLDAS",
      "version": "2.1",
      "source": "NASA GSFC",
      "temporalResolution": "3-hourly",
      "spatialResolution": "0.25° × 0.25°",
      "coverage": "1979-present"
    }
  ],
  "locations": [
    {
      "name": "Tampa, FL",
      "coordinates": { "lat": 27.9506, "lon": -82.4572 },
      "climatology": {
        "rain": {
          "probability": 65,
          "wilsonCI": [58, 72],
          "definition": "≥1mm precipitation",
          "drivers": {
            "Historical days": 19,
            "Total years": 30
          }
        },
        "heavyRain": {
          "probability": 15,
          "wilsonCI": [10, 22],
          "definition": "≥P95 or ≥20mm/day",
          "drivers": {
            "P95 threshold": 22.5,
            "Max observed": 45.2
          }
        },
        "avgTemp": {
          "probability": 85,
          "avgValue": 28.5,
          "wilsonCI": [27.2, 29.8],
          "definition": "Mean daily temperature",
          "drivers": {
            "Historical mean": 28.5,
            "Std dev": 2.1
          }
        },
        "heatWave": {
          "probability": 22,
          "wilsonCI": [16, 29],
          "definition": "≥2 consecutive P90 days",
          "percentile": 90,
          "drivers": {
            "P90 Tmax": 35.2,
            "Consecutive": 2
          }
        },
        "veryCold": {
          "probability": 8,
          "wilsonCI": [4, 14],
          "definition": "P10 Tmin ≤5°C",
          "percentile": 10,
          "drivers": {
            "P10 Tmin": 5.2,
            "Historical": 2
          }
        },
        "veryWindy": {
          "probability": 35,
          "wilsonCI": [28, 42],
          "definition": "Wind ≥10 m/s",
          "drivers": {
            "P90 wind": 12.5,
            "Mean": 7.8
          }
        },
        "cloudCover": {
          "probability": 70,
          "wilsonCI": [63, 77],
          "definition": "Cloud cover ≥70%",
          "drivers": {
            "Mean cover": 72,
            "Clear days": 9
          }
        },
        "snow": {
          "probability": 2,
          "wilsonCI": [0, 6],
          "definition": "Snow occurrence",
          "drivers": {
            "Historical events": 1,
            "Years": 30
          }
        },
        "uncomfortable": {
          "probability": 45,
          "wilsonCI": [38, 52],
          "definition": "HI ≥32°C or WC ≤-10°C",
          "drivers": {
            "Heat Index": 34.2,
            "RH": 78
          }
        }
      },
      "historicalData": [
        { "year": 1994, "values": { "rain": 62, "temp": 27.8 } },
        { "year": 1995, "values": { "rain": 58, "temp": 28.1 } },
        { "year": 1996, "values": { "rain": 65, "temp": 28.5 } },
        { "year": 1997, "values": { "rain": 70, "temp": 29.0 } },
        { "year": 1998, "values": { "rain": 63, "temp": 28.3 } },
        { "year": 1999, "values": { "rain": 59, "temp": 27.9 } },
        { "year": 2000, "values": { "rain": 67, "temp": 28.6 } },
        { "year": 2001, "values": { "rain": 61, "temp": 28.2 } },
        { "year": 2002, "values": { "rain": 64, "temp": 28.4 } },
        { "year": 2003, "values": { "rain": 68, "temp": 28.7 } },
        { "year": 2004, "values": { "rain": 66, "temp": 28.5 } },
        { "year": 2005, "values": { "rain": 72, "temp": 29.1 } },
        { "year": 2006, "values": { "rain": 60, "temp": 28.0 } },
        { "year": 2007, "values": { "rain": 63, "temp": 28.3 } },
        { "year": 2008, "values": { "rain": 65, "temp": 28.5 } },
        { "year": 2009, "values": { "rain": 69, "temp": 28.8 } },
        { "year": 2010, "values": { "rain": 71, "temp": 29.0 } },
        { "year": 2011, "values": { "rain": 64, "temp": 28.4 } },
        { "year": 2012, "values": { "rain": 62, "temp": 28.2 } },
        { "year": 2013, "values": { "rain": 67, "temp": 28.6 } },
        { "year": 2014, "values": { "rain": 68, "temp": 28.7 } },
        { "year": 2015, "values": { "rain": 70, "temp": 28.9 } },
        { "year": 2016, "values": { "rain": 66, "temp": 28.5 } },
        { "year": 2017, "values": { "rain": 63, "temp": 28.3 } },
        { "year": 2018, "values": { "rain": 65, "temp": 28.5 } },
        { "year": 2019, "values": { "rain": 69, "temp": 28.8 } },
        { "year": 2020, "values": { "rain": 71, "temp": 29.0 } },
        { "year": 2021, "values": { "rain": 67, "temp": 28.6 } },
        { "year": 2022, "values": { "rain": 64, "temp": 28.4 } },
        { "year": 2023, "values": { "rain": 66, "temp": 28.5 } }
      ]
    },
    {
      "name": "Miami, FL",
      "coordinates": { "lat": 25.7617, "lon": -80.1918 },
      "climatology": {
        "rain": {
          "probability": 72,
          "wilsonCI": [65, 78],
          "definition": "≥1mm precipitation",
          "drivers": {
            "Historical days": 21,
            "Total years": 30
          }
        },
        "heavyRain": {
          "probability": 18,
          "wilsonCI": [12, 25],
          "definition": "≥P95 or ≥20mm/day",
          "drivers": {
            "P95 threshold": 25.0,
            "Max observed": 52.3
          }
        },
        "avgTemp": {
          "probability": 88,
          "avgValue": 29.8,
          "wilsonCI": [28.5, 31.1],
          "definition": "Mean daily temperature",
          "drivers": {
            "Historical mean": 29.8,
            "Std dev": 1.8
          }
        },
        "heatWave": {
          "probability": 28,
          "wilsonCI": [21, 36],
          "definition": "≥2 consecutive P90 days",
          "percentile": 90,
          "drivers": {
            "P90 Tmax": 36.5,
            "Consecutive": 2
          }
        },
        "veryCold": {
          "probability": 3,
          "wilsonCI": [1, 8],
          "definition": "P10 Tmin ≤5°C",
          "percentile": 10,
          "drivers": {
            "P10 Tmin": 8.5,
            "Historical": 1
          }
        },
        "veryWindy": {
          "probability": 42,
          "wilsonCI": [35, 49],
          "definition": "Wind ≥10 m/s",
          "drivers": {
            "P90 wind": 14.2,
            "Mean": 9.1
          }
        },
        "cloudCover": {
          "probability": 68,
          "wilsonCI": [61, 75],
          "definition": "Cloud cover ≥70%",
          "drivers": {
            "Mean cover": 70,
            "Clear days": 10
          }
        },
        "snow": {
          "probability": 0,
          "wilsonCI": [0, 2],
          "definition": "Snow occurrence",
          "drivers": {
            "Historical events": 0,
            "Years": 30
          }
        },
        "uncomfortable": {
          "probability": 58,
          "wilsonCI": [50, 65],
          "definition": "HI ≥32°C or WC ≤-10°C",
          "drivers": {
            "Heat Index": 36.8,
            "RH": 82
          }
        }
      },
      "historicalData": [
        { "year": 1994, "values": { "rain": 70, "temp": 29.2 } },
        { "year": 1995, "values": { "rain": 68, "temp": 29.5 } },
        { "year": 1996, "values": { "rain": 73, "temp": 29.9 } },
        { "year": 1997, "values": { "rain": 75, "temp": 30.2 } },
        { "year": 1998, "values": { "rain": 71, "temp": 29.7 } },
        { "year": 1999, "values": { "rain": 69, "temp": 29.3 } },
        { "year": 2000, "values": { "rain": 74, "temp": 30.0 } },
        { "year": 2001, "values": { "rain": 70, "temp": 29.6 } },
        { "year": 2002, "values": { "rain": 72, "temp": 29.8 } },
        { "year": 2003, "values": { "rain": 76, "temp": 30.1 } },
        { "year": 2004, "values": { "rain": 73, "temp": 29.9 } },
        { "year": 2005, "values": { "rain": 78, "temp": 30.4 } },
        { "year": 2006, "values": { "rain": 69, "temp": 29.4 } },
        { "year": 2007, "values": { "rain": 71, "temp": 29.7 } },
        { "year": 2008, "values": { "rain": 73, "temp": 29.9 } },
        { "year": 2009, "values": { "rain": 75, "temp": 30.1 } },
        { "year": 2010, "values": { "rain": 77, "temp": 30.3 } },
        { "year": 2011, "values": { "rain": 72, "temp": 29.8 } },
        { "year": 2012, "values": { "rain": 70, "temp": 29.6 } },
        { "year": 2013, "values": { "rain": 74, "temp": 30.0 } },
        { "year": 2014, "values": { "rain": 75, "temp": 30.1 } },
        { "year": 2015, "values": { "rain": 76, "temp": 30.2 } },
        { "year": 2016, "values": { "rain": 73, "temp": 29.9 } },
        { "year": 2017, "values": { "rain": 71, "temp": 29.7 } },
        { "year": 2018, "values": { "rain": 73, "temp": 29.9 } },
        { "year": 2019, "values": { "rain": 75, "temp": 30.1 } },
        { "year": 2020, "values": { "rain": 77, "temp": 30.3 } },
        { "year": 2021, "values": { "rain": 74, "temp": 30.0 } },
        { "year": 2022, "values": { "rain": 72, "temp": 29.8 } },
        { "year": 2023, "values": { "rain": 73, "temp": 29.9 } }
      ]
    },
    {
      "name": "Orlando, FL",
      "coordinates": { "lat": 28.5383, "lon": -81.3792 },
      "climatology": {
        "rain": {
          "probability": 62.0,
          "wilsonCI": [55.0, 69.0],
          "definition": "≥1mm precipitation",
          "drivers": {
            "Historical days": 18,
            "Total years": 30
          }
        },
        "heavyRain": {
          "probability": 14.0,
          "wilsonCI": [9.0, 20.0],
          "definition": "≥P95 or ≥20mm/day",
          "drivers": {
            "P95 threshold": 21.5,
            "Max observed": 42.0
          }
        },
        "avgTemp": {
          "probability": 84.0,
          "avgValue": 27.5,
          "wilsonCI": [26.2, 28.8],
          "definition": "Mean daily temperature",
          "drivers": {
            "Historical mean": 27.5,
            "Std dev": 2.2
          }
        },
        "heatWave": {
          "probability": 20.0,
          "wilsonCI": [14.0, 27.0],
          "definition": "≥2 consecutive P90 days",
          "percentile": 90,
          "drivers": {
            "P90 Tmax": 34.5,
            "Consecutive": 2
          }
        },
        "veryCold": {
          "probability": 8.0,
          "wilsonCI": [4.0, 13.0],
          "definition": "P10 Tmin ≤5°C",
          "percentile": 10,
          "drivers": {
            "P10 Tmin": 5.8,
            "Historical": 2
          }
        },
        "veryWindy": {
          "probability": 35.0,
          "wilsonCI": [28.0, 42.0],
          "definition": "Wind ≥10 m/s",
          "drivers": {
            "P90 wind": 12.5,
            "Mean": 7.8
          }
        },
        "cloudCover": {
          "probability": 66.0,
          "wilsonCI": [59.0, 73.0],
          "definition": "Cloud cover ≥70%",
          "drivers": {
            "Mean cover": 69,
            "Clear days": 10
          }
        },
        "snow": {
          "probability": 1.0,
          "wilsonCI": [0.0, 4.0],
          "definition": "Snow occurrence",
          "drivers": {
            "Historical events": 0,
            "Years": 30
          }
        },
        "uncomfortable": {
          "probability": 48.0,
          "wilsonCI": [40.0, 55.0],
          "definition": "HI ≥32°C or WC ≤-10°C",
          "drivers": {
            "Heat Index": 33.8,
            "RH": 78
          }
        }
      },
      "monthlyClimatology": {
        "4": {
          "rain": {
            "probability": 48.7,
            "wilsonCI": null,
            "definition": "≥1mm precipitation",
            "drivers": null
          },
          "heavyRain": null,
          "avgTemp": {
            "probability": null,
            "avgValue": 16.4,
            "wilsonCI": null,
            "definition": "Mean daily temperature",
            "drivers": null
          },
          "heatWave": null,
          "veryCold": null,
          "veryWindy": {
            "probability": 2.9,
            "wilsonCI": null,
            "definition": "Wind ≥10 m/s",
            "drivers": null
          },
          "cloudCover": null,
          "snow": null,
          "uncomfortable": null
        },
        "6": {
          "rain": {
            "probability": 68,
            "wilsonCI": [61, 74],
            "definition": "≥1mm precipitation",
            "drivers": {
              "Historical days": 20,
              "Total years": 30
            }
          },
          "heavyRain": {
            "probability": 16,
            "wilsonCI": [11, 23],
            "definition": "≥P95 or ≥20mm/day",
            "drivers": {
              "P95 threshold": 23.8,
              "Max observed": 48.5
            }
          },
          "avgTemp": {
            "probability": 86,
            "avgValue": 28.9,
            "wilsonCI": [27.6, 30.2],
            "definition": "Mean daily temperature",
            "drivers": {
              "Historical mean": 28.9,
              "Std dev": 2.0
            }
          },
          "heatWave": {
            "probability": 24,
            "wilsonCI": [18, 31],
            "definition": "≥2 consecutive P90 days",
            "percentile": 90,
            "drivers": {
              "P90 Tmax": 35.8,
              "Consecutive": 2
            }
          },
          "veryCold": {
            "probability": 6,
            "wilsonCI": [3, 11],
            "definition": "P10 Tmin ≤5°C",
            "percentile": 10,
            "drivers": {
              "P10 Tmin": 6.5,
              "Historical": 2
            }
          },
          "veryWindy": {
            "probability": 38,
            "wilsonCI": [31, 45],
            "definition": "Wind ≥10 m/s",
            "drivers": {
              "P90 wind": 13.2,
              "Mean": 8.5
            }
          },
          "cloudCover": {
            "probability": 69,
            "wilsonCI": [62, 76],
            "definition": "Cloud cover ≥70%",
            "drivers": {
              "Mean cover": 71,
              "Clear days": 9
            }
          },
          "snow": {
            "probability": 1,
            "wilsonCI": [0, 4],
            "definition": "Snow occurrence",
            "drivers": {
              "Historical events": 0,
              "Years": 30
            }
          },
          "uncomfortable": {
            "probability": 52,
            "wilsonCI": [44, 59],
            "definition": "HI ≥32°C or WC ≤-10°C",
            "drivers": {
              "Heat Index": 35.6,
              "RH": 80
            }
          }
        }
      },
      "historicalData": [
        { "year": 1994, "values": { "rain": 66, "temp": 28.3 } },
        { "year": 1995, "values": { "rain": 64, "temp": 28.6 } },
        { "year": 1996, "values": { "rain": 69, "temp": 29.0 } },
        { "year": 1997, "values": { "rain": 71, "temp": 29.3 } },
        { "year": 1998, "values": { "rain": 67, "temp": 28.8 } },
        { "year": 1999, "values": { "rain": 65, "temp": 28.5 } },
        { "year": 2000, "values": { "rain": 70, "temp": 29.1 } },
        { "year": 2001, "values": { "rain": 66, "temp": 28.7 } },
        { "year": 2002, "values": { "rain": 68, "temp": 28.9 } },
        { "year": 2003, "values": { "rain": 72, "temp": 29.2 } },
        { "year": 2004, "values": { "rain": 69, "temp": 29.0 } },
        { "year": 2005, "values": { "rain": 74, "temp": 29.5 } },
        { "year": 2006, "values": { "rain": 65, "temp": 28.5 } },
        { "year": 2007, "values": { "rain": 67, "temp": 28.8 } },
        { "year": 2008, "values": { "rain": 69, "temp": 29.0 } },
        { "year": 2009, "values": { "rain": 71, "temp": 29.2 } },
        { "year": 2010, "values": { "rain": 73, "temp": 29.4 } },
        { "year": 2011, "values": { "rain": 68, "temp": 28.9 } },
        { "year": 2012, "values": { "rain": 66, "temp": 28.7 } },
        { "year": 2013, "values": { "rain": 70, "temp": 29.1 } },
        { "year": 2014, "values": { "rain": 71, "temp": 29.2 } },
        { "year": 2015, "values": { "rain": 72, "temp": 29.3 } },
        { "year": 2016, "values": { "rain": 69, "temp": 29.0 } },
        { "year": 2017, "values": { "rain": 67, "temp": 28.8 } },
        { "year": 2018, "values": { "rain": 69, "temp": 29.0 } },
        { "year": 2019, "values": { "rain": 71, "temp": 29.2 } },
        { "year": 2020, "values": { "rain": 73, "temp": 29.4 } },
        { "year": 2021, "values": { "rain": 70, "temp": 29.1 } },
        { "year": 2022, "values": { "rain": 68, "temp": 28.9 } },
        { "year": 2023, "values": { "rain": 69, "temp": 29.0 } }
      ]
    }
  ]
}
